{
    "name": "root",
    "gauges": {
        "Surround.Policy.Entropy.mean": {
            "value": 2.1253738403320312,
            "min": 2.1253738403320312,
            "max": 2.153864860534668,
            "count": 7
        },
        "Surround.Policy.Entropy.sum": {
            "value": 21253.73828125,
            "min": 18240.072265625,
            "max": 21538.6484375,
            "count": 7
        },
        "Surround.Environment.EpisodeLength.mean": {
            "value": 999.0,
            "min": 852.5,
            "max": 999.0,
            "count": 7
        },
        "Surround.Environment.EpisodeLength.sum": {
            "value": 9990.0,
            "min": 8525.0,
            "max": 9990.0,
            "count": 7
        },
        "Surround.Step.mean": {
            "value": 3709470.0,
            "min": 3649935.0,
            "max": 3709470.0,
            "count": 7
        },
        "Surround.Step.sum": {
            "value": 3709470.0,
            "min": 3649935.0,
            "max": 3709470.0,
            "count": 7
        },
        "Surround.Policy.ExtrinsicBaselineEstimate.mean": {
            "value": -207.18478393554688,
            "min": -220.6206817626953,
            "max": -180.97946166992188,
            "count": 7
        },
        "Surround.Policy.ExtrinsicBaselineEstimate.sum": {
            "value": -2071.847900390625,
            "min": -2206.206787109375,
            "max": -1447.835693359375,
            "count": 7
        },
        "Surround.Policy.ExtrinsicValueEstimate.mean": {
            "value": -271.9443359375,
            "min": -271.9443359375,
            "max": -230.3567657470703,
            "count": 7
        },
        "Surround.Policy.ExtrinsicValueEstimate.sum": {
            "value": -2719.443359375,
            "min": -2719.443359375,
            "max": -1937.831787109375,
            "count": 7
        },
        "Surround.Environment.CumulativeReward.mean": {
            "value": -24.98699893951416,
            "min": -24.98699893951416,
            "max": -4.893635944886641,
            "count": 7
        },
        "Surround.Environment.CumulativeReward.sum": {
            "value": -249.8699893951416,
            "min": -249.8699893951416,
            "max": -53.36999869346619,
            "count": 7
        },
        "Surround.Policy.ExtrinsicReward.mean": {
            "value": -4610.911535644531,
            "min": -6200.92001953125,
            "max": -1137.2124134410512,
            "count": 7
        },
        "Surround.Policy.ExtrinsicReward.sum": {
            "value": -46109.11535644531,
            "min": -62009.2001953125,
            "max": -12509.336547851562,
            "count": 7
        },
        "Surround.Environment.GroupCumulativeReward.mean": {
            "value": -4484.612438964844,
            "min": -6114.343798828125,
            "max": -1121.4588068181818,
            "count": 7
        },
        "Surround.Environment.GroupCumulativeReward.sum": {
            "value": -44846.12438964844,
            "min": -61143.43798828125,
            "max": -12336.046875,
            "count": 7
        },
        "Surround.IsTraining.mean": {
            "value": 1.0,
            "min": 1.0,
            "max": 1.0,
            "count": 7
        },
        "Surround.IsTraining.sum": {
            "value": 1.0,
            "min": 1.0,
            "max": 1.0,
            "count": 7
        },
        "Surround.Losses.PolicyLoss.mean": {
            "value": 0.024815787965919645,
            "min": 0.024086186446116438,
            "max": 0.025183973944790307,
            "count": 4
        },
        "Surround.Losses.PolicyLoss.sum": {
            "value": 0.024815787965919645,
            "min": 0.024086186446116438,
            "max": 0.025183973944790307,
            "count": 4
        },
        "Surround.Losses.ValueLoss.mean": {
            "value": 267423.7235863095,
            "min": 22157.357003348214,
            "max": 267423.7235863095,
            "count": 4
        },
        "Surround.Losses.ValueLoss.sum": {
            "value": 267423.7235863095,
            "min": 22157.357003348214,
            "max": 267423.7235863095,
            "count": 4
        },
        "Surround.Losses.BaselineLoss.mean": {
            "value": 275023.2191220238,
            "min": 22535.759370349704,
            "max": 275023.2191220238,
            "count": 4
        },
        "Surround.Losses.BaselineLoss.sum": {
            "value": 275023.2191220238,
            "min": 22535.759370349704,
            "max": 275023.2191220238,
            "count": 4
        },
        "Surround.Policy.LearningRate.mean": {
            "value": 0.0003,
            "min": 0.0003,
            "max": 0.0003,
            "count": 4
        },
        "Surround.Policy.LearningRate.sum": {
            "value": 0.0003,
            "min": 0.0003,
            "max": 0.0003,
            "count": 4
        },
        "Surround.Policy.Epsilon.mean": {
            "value": 0.19999999999999996,
            "min": 0.19999999999999996,
            "max": 0.20000000000000004,
            "count": 4
        },
        "Surround.Policy.Epsilon.sum": {
            "value": 0.19999999999999996,
            "min": 0.19999999999999996,
            "max": 0.20000000000000004,
            "count": 4
        },
        "Surround.Policy.Beta.mean": {
            "value": 0.01,
            "min": 0.01,
            "max": 0.010000000000000002,
            "count": 4
        },
        "Surround.Policy.Beta.sum": {
            "value": 0.01,
            "min": 0.01,
            "max": 0.010000000000000002,
            "count": 4
        }
    },
    "metadata": {
        "timer_format_version": "0.1.0",
        "start_time_seconds": "1697306483",
        "python_version": "3.9.0 (tags/v3.9.0:9cf6752, Oct  5 2020, 15:34:40) [MSC v.1927 64 bit (AMD64)]",
        "command_line_arguments": "D:\\BREND\\Documents\\Unity\\Projects\\Alien survivors (v2)\\alien-survivors\\venv\\Scripts\\mlagents-learn config/Surround.yaml --run-id=surround7 --resume",
        "mlagents_version": "0.30.0",
        "mlagents_envs_version": "0.30.0",
        "communication_protocol_version": "1.5.0",
        "pytorch_version": "2.1.0+cpu",
        "numpy_version": "1.21.2",
        "end_time_seconds": "1697306713"
    },
    "total": 230.521006,
    "count": 1,
    "self": 0.004380100000020093,
    "children": {
        "run_training.setup": {
            "total": 0.09553959999999995,
            "count": 1,
            "self": 0.09553959999999995
        },
        "TrainerController.start_learning": {
            "total": 230.42108629999998,
            "count": 1,
            "self": 0.2080658999999514,
            "children": {
                "TrainerController._reset_env": {
                    "total": 6.521413200000001,
                    "count": 1,
                    "self": 6.521413200000001
                },
                "TrainerController.advance": {
                    "total": 223.60330810000002,
                    "count": 15077,
                    "self": 0.1989010999997447,
                    "children": {
                        "env_step": {
                            "total": 150.3062808999996,
                            "count": 15077,
                            "self": 135.09099880000022,
                            "children": {
                                "SubprocessEnvManager._take_step": {
                                    "total": 15.081037599999451,
                                    "count": 15077,
                                    "self": 0.551327700000158,
                                    "children": {
                                        "TorchPolicy.evaluate": {
                                            "total": 14.529709899999293,
                                            "count": 15067,