{"count":1,"self":25196.7504384,"total":37345.9220322,"children":{"InitializeActuators":{"count":11,"self":0.0010000999999999999,"total":0.0010000999999999999,"children":null},"InitializeSensors":{"count":11,"self":0.0030394999999999997,"total":0.0030394999999999997,"children":null},"AgentSendState":{"count":4895367,"self":345.5181056,"total":422.85802029999996,"children":{"CollectObservations":{"count":10769814,"self":40.4446272,"total":40.4446282,"children":null},"WriteActionMask":{"count":10769814,"self":3.1877961999999997,"total":3.1877961999999997,"children":null},"RequestDecision":{"count":10769814,"self":11.9068416,"total":33.7074818,"children":{"AgentInfo.ToProto":{"count":979074,"self":4.0270671999999994,"total":21.800640599999998,"children":{"GenerateSensorData":{"count":979074,"self":16.4544656,"total":17.7735733,"children":{"RayPerceptionSensor.Perceive":{"count":979074,"self":1.3191083,"total":1.3191083,"children":null}}}}}}}}},"DecideAction":{"count":4895367,"self":10160.9857024,"total":10179.7428344,"children":{"RayPerceptionSensor.Perceive":{"count":10769832,"self":18.7574272,"total":18.757426499999998,"children":null}}},"AgentAct":{"count":4895365,"self":1546.3315456,"total":1546.5256779,"children":{"AgentInfo.ToProto":{"count":7006,"self":0.0369131,"total":0.1941026,"children":{"GenerateSensorData":{"count":7006,"self":0.1381396,"total":0.15718949999999998,"children":{"RayPerceptionSensor.Perceive":{"count":7006,"self":0.019049899999999998,"total":0.019049899999999998,"children":null}}}}}}},"AgentInfo.ToProto":{"count":782,"self":0.0030025,"total":0.0132166,"children":{"GenerateSensorData":{"count":782,"self":0.0102141,"total":0.0102141,"children":{"RayPerceptionSensor.Perceive":{"count":782,"self":0,"total":0,"children":null}}}}}},"gauges":{"Boss.CumulativeReward":{"count":7788,"max":6964.086,"min":-1982.56665,"runningAverage":596.633362,"value":1526.91211,"weightedAverage":999.623}},"metadata":{"timer_format_version":"0.1.0","start_time_seconds":"1699059451","unity_version":"2022.3.4f1","command_line_arguments":"C:\\Program Files\\Unity\\Hub\\Editor\\2022.3.4f1\\Editor\\Unity.exe -projectpath E:\\AlienSurvivors\\It5\\alien-survivors -useHub -hubIPC -cloudEnvironment production -licensingIpc LicenseClient-w10 -hubSessionId 22d0beac-e105-4cf6-9370-ec240b4ae595 -accessToken GUXwLBurNVQpCgxkT1ad39CKvW3ez0b4H2wbg71YMUE004f","communication_protocol_version":"1.5.0","com.unity.ml-agents_version":"2.0.1","scene_name":"ImitationLearningScene","end_time_seconds":"1699096794"}}