{"count":1,"self":34967.8862336,"total":112818.01671709999,"children":{"InitializeActuators":{"count":11,"self":0.0019998,"total":0.0019998,"children":null},"InitializeSensors":{"count":11,"self":0.0029995,"total":0.0029995,"children":null},"AgentSendState":{"count":36742119,"self":2555.9863296,"total":3193.6212247,"children":{"CollectObservations":{"count":80832664,"self":298.8100096,"total":298.81000439999997,"children":null},"WriteActionMask":{"count":80832664,"self":22.353436799999997,"total":22.353436,"children":null},"RequestDecision":{"count":80832664,"self":85.610688,"total":316.471366,"children":{"AgentInfo.ToProto":{"count":7348424,"self":29.201372799999998,"total":230.8606792,"children":{"GenerateSensorData":{"count":7348424,"self":181.8107776,"total":201.659306,"children":{"RayPerceptionSensor.Perceive":{"count":7348424,"self":19.8485232,"total":19.8485226,"children":null}}}}}}}}},"DecideAction":{"count":36742119,"self":72500.1437184,"total":72638.235543,"children":{"RayPerceptionSensor.Perceive":{"count":80832839,"self":138.0939008,"total":138.09389629999998,"children":null}}},"AgentAct":{"count":36742098,"self":2016.478208,"total":2018.0846225999999,"children":{"AgentInfo.ToProto":{"count":44093,"self":0.1818208,"total":1.6063695999999998,"children":{"GenerateSensorData":{"count":44093,"self":1.2211045,"total":1.4245488,"children":{"RayPerceptionSensor.Perceive":{"count":44093,"self":0.2034443,"total":0.2034443,"children":null}}}}}}},"AgentInfo.ToProto":{"count":4966,"self":0.0266828,"total":0.16265639999999998,"children":{"GenerateSensorData":{"count":4966,"self":0.12242549999999999,"total":0.1359736,"children":{"RayPerceptionSensor.Perceive":{"count":4966,"self":0.013548099999999999,"total":0.013548099999999999,"children":null}}}}}},"gauges":{"Boss.CumulativeReward":{"count":49059,"max":2456.547,"min":-3.67827415,"runningAverage":398.094757,"value":1052.41309,"weightedAverage":465.0124}},"metadata":{"timer_format_version":"0.1.0","start_time_seconds":"1699383863","unity_version":"2022.3.4f1","command_line_arguments":"C:\\Program Files\\Unity\\Hub\\Editor\\2022.3.4f1\\Editor\\Unity.exe -projectpath E:\\AlienSurvivors\\It5\\alien-survivors -useHub -hubIPC -cloudEnvironment production -licensingIpc LicenseClient-w10 -hubSessionId ab88be96-d86a-407b-a96d-f8fc434b1931 -accessToken 6PXAZ5ia0fGOH2Wr_SGJD2zL9Ysxa_3H4iSe55RxzZs004f","communication_protocol_version":"1.5.0","com.unity.ml-agents_version":"2.0.1","scene_name":"ImitationLearningScene","end_time_seconds":"1699496679"}}