{"count":1,"self":111.20879359999999,"total":115.3747305,"children":{"AgentSendState":{"count":5368,"self":1.8348423999999999,"total":1.9478725,"children":{"CollectObservations":{"count":11087,"self":0.013003299999999999,"total":0.013003299999999999,"children":null},"WriteActionMask":{"count":11087,"self":0.0030009999999999998,"total":0.0030009999999999998,"children":null},"RequestDecision":{"count":11087,"self":0.097025699999999993,"total":0.097025699999999993,"children":null}}},"DecideAction":{"count":5368,"self":1.6590859999999998,"total":1.7431145,"children":{"RayPerceptionSensor.Perceive":{"count":16646,"self":0.084028499999999992,"total":0.084028499999999992,"children":null}}},"AgentAct":{"count":5368,"self":0.4689508,"total":0.4689508,"children":null},"InitializeActuators":{"count":33,"self":0.0020001999999999997,"total":0.0020001999999999997,"children":null},"InitializeSensors":{"count":33,"self":0.0030012,"total":0.0030012,"children":null}},"gauges":{},"metadata":{"timer_format_version":"0.1.0","start_time_seconds":"1701021613","unity_version":"2022.3.4f1","command_line_arguments":"C:\\Program Files\\Unity\\Hub\\Editor\\2022.3.4f1-x86_64\\Editor\\Unity.exe -projectpath D:\\BREND\\Documents\\Unity\\Projects\\Alien survivors (v2)\\alien-survivors -useHub -hubIPC -cloudEnvironment production -licensingIpc LicenseClient-brend -hubSessionId 4fbe661f-895c-4f2d-bf00-e392cd24b430 -accessToken cSUjDr7rTDX1W2H3r2dYaWILrRy2o0GipuFSPuql0qI004f","communication_protocol_version":"1.5.0","com.unity.ml-agents_version":"2.0.1","scene_name":"Level1","end_time_seconds":"1701021728"}}