{"count":1,"self":70.1227648,"total":71.7380984,"children":{"AgentSendState":{"count":3053,"self":0.59782629999999992,"total":0.6589104,"children":{"CollectObservations":{"count":3434,"self":0.0070009999999999994,"total":0.0070009999999999994,"children":null},"WriteActionMask":{"count":3434,"self":0.0020001999999999997,"total":0.0020001999999999997,"children":null},"RequestDecision":{"count":3434,"self":0.052082899999999994,"total":0.052082899999999994,"children":null}}},"DecideAction":{"count":3053,"self":0.74333339999999992,"total":0.7673595,"children":{"RayPerceptionSensor.Perceive":{"count":5283,"self":0.024026099999999998,"total":0.024026099999999998,"children":null}}},"AgentAct":{"count":3053,"self":0.18406319999999998,"total":0.18406319999999998,"children":null},"InitializeActuators":{"count":27,"self":0.0020016,"total":0.0020016,"children":null},"InitializeSensors":{"count":27,"self":0.0020005,"total":0.0020005,"children":null}},"gauges":{},"metadata":{"timer_format_version":"0.1.0","start_time_seconds":"1701056867","unity_version":"2022.3.4f1","command_line_arguments":"C:\\Program Files\\Unity\\Hub\\Editor\\2022.3.4f1-x86_64\\Editor\\Unity.exe -projectpath D:\\BREND\\Documents\\Unity\\Projects\\Alien survivors (v2)\\alien-survivors -useHub -hubIPC -cloudEnvironment production -licensingIpc LicenseClient-brend -hubSessionId 4fbe661f-895c-4f2d-bf00-e392cd24b430 -accessToken 4bTt7KVZoIgJSFNy9gtpih_HWMejhv1YkKQzXoe5hOs004f","communication_protocol_version":"1.5.0","com.unity.ml-agents_version":"2.0.1","scene_name":"Level1","end_time_seconds":"1701056939"}}