{"count":1,"self":1038.4651264,"total":1044.5161031,"children":{"AgentSendState":{"count":40819,"self":0.67471169999999991,"total":0.9047489,"children":{"CollectObservations":{"count":6192,"self":0.16290069999999998,"total":0.16290069999999998,"children":null},"WriteActionMask":{"count":6192,"self":0.0050018,"total":0.0050018,"children":null},"RequestDecision":{"count":6192,"self":0.062134699999999994,"total":0.062134699999999994,"children":null}}},"DecideAction":{"count":40819,"self":4.4164151999999994,"total":4.4612501,"children":{"RayPerceptionSensor.Perceive":{"count":12384,"self":0.044835099999999996,"total":0.044835099999999996,"children":null}}},"AgentAct":{"count":40819,"self":0.6789444,"total":0.6789444,"children":null},"InitializeActuators":{"count":1,"self":0.0009999,"total":0.0009999,"children":null},"InitializeSensors":{"count":1,"self":0.0029985999999999997,"total":0.0029985999999999997,"children":null}},"gauges":{},"metadata":{"timer_format_version":"0.1.0","start_time_seconds":"1700021418","unity_version":"2022.3.4f1","command_line_arguments":"C:\\Program Files\\Unity\\Hub\\Editor\\2022.3.4f1\\Editor\\Unity.exe -projectpath E:\\AlienSurvivors\\It5\\alien-survivors -useHub -hubIPC -cloudEnvironment production -licensingIpc LicenseClient-w10 -hubSessionId 05ef40e5-233c-4aad-934c-d446a71d4cdc -accessToken sq0ZnrgZ05EyGE2XUAWddmShGNWWC8oMBxTNTyopTbw004f","communication_protocol_version":"1.5.0","com.unity.ml-agents_version":"2.0.1","scene_name":"Level3","end_time_seconds":"1700022463"}}