{"count":1,"self":254.36787199999998,"total":255.1441887,"children":{"AgentSendState":{"count":11153,"self":0.1890412,"total":0.3165832,"children":{"CollectObservations":{"count":558,"self":0.009001799999999999,"total":0.009001799999999999,"children":null},"WriteActionMask":{"count":558,"self":0.0020001999999999997,"total":0.0020001999999999997,"children":null},"RequestDecision":{"count":558,"self":0.11653999999999999,"total":0.11653999999999999,"children":null}}},"DecideAction":{"count":11153,"self":0.3993311,"total":0.4073325,"children":{"RayPerceptionSensor.Perceive":{"count":1116,"self":0.0080013999999999988,"total":0.0080013999999999988,"children":null}}},"AgentAct":{"count":11153,"self":0.0494056,"total":0.0494056,"children":null},"InitializeActuators":{"count":3,"self":0.00099969999999999985,"total":0.00099969999999999985,"children":null},"InitializeSensors":{"count":3,"self":0.0019946,"total":0.0019946,"children":null}},"gauges":{},"metadata":{"timer_format_version":"0.1.0","start_time_seconds":"1701055805","unity_version":"2022.3.4f1","command_line_arguments":"C:\\Program Files\\Unity\\Hub\\Editor\\2022.3.4f1-x86_64\\Editor\\Unity.exe -projectpath D:\\BREND\\Documents\\Unity\\Projects\\Alien survivors (v2)\\alien-survivors -useHub -hubIPC -cloudEnvironment production -licensingIpc LicenseClient-brend -hubSessionId 4fbe661f-895c-4f2d-bf00-e392cd24b430 -accessToken 4bTt7KVZoIgJSFNy9gtpih_HWMejhv1YkKQzXoe5hOs004f","communication_protocol_version":"1.5.0","com.unity.ml-agents_version":"2.0.1","scene_name":"Level3","end_time_seconds":"1701056060"}}