{"count":1,"self":11960.8901632,"total":44474.9107207,"children":{"InitializeActuators":{"count":36,"self":0.0040019999999999995,"total":0.0040019999999999995,"children":null},"InitializeSensors":{"count":36,"self":0.0029998,"total":0.0029998,"children":null},"AgentSendState":{"count":3535284,"self":4882.7179007999994,"total":6405.44604,"children":{"CollectObservations":{"count":25454736,"self":90.8626944,"total":90.862697099999991,"children":null},"WriteActionMask":{"count":25454736,"self":5.0455592,"total":5.045559,"children":null},"RequestDecision":{"count":25454736,"self":35.3381632,"total":1426.8197261,"children":{"AgentInfo.ToProto":{"count":25454736,"self":23.713103999999998,"total":1391.4815614,"children":{"GenerateSensorData":{"count":25454736,"self":1142.1041664,"total":1367.7684568,"children":{"RayPerceptionSensor.Perceive":{"count":50909472,"self":225.664256,"total":225.6642536,"children":null}}}}}}}}},"DecideAction":{"count":3535284,"self":25602.924543999998,"total":25602.9247601,"children":null},"AgentAct":{"count":3535284,"self":498.5521152,"total":500.03670969999996,"children":{"AgentInfo.ToProto":{"count":25728,"self":0.0377502,"total":1.484605,"children":{"GenerateSensorData":{"count":25728,"self":1.1882141,"total":1.4468547999999999,"children":{"RayPerceptionSensor.Perceive":{"count":51456,"self":0.2586407,"total":0.2586407,"children":null}}}}}}},"AgentInfo.ToProto":{"count":88692,"self":0.1430005,"total":5.6036747999999994,"children":{"GenerateSensorData":{"count":88692,"self":4.532176,"total":5.4606743,"children":{"RayPerceptionSensor.Perceive":{"count":177384,"self":0.92849819999999994,"total":0.92849819999999994,"children":null}}}}}},"gauges":{"Boss.CumulativeReward":{"count":19070,"max":0.4,"min":-2.35401177,"runningAverage":-0.03739184,"value":-0.131000057,"weightedAverage":-0.117773108},"EnemyRangedWeapon.CumulativeReward":{"count":38140,"max":0.4,"min":-1.51801491,"runningAverage":0.0456562527,"value":-0.09500001,"weightedAverage":0.0256628189},"EnemyMelee.CumulativeReward":{"count":38140,"max":0.6,"min":-3.80690646,"runningAverage":0.00478084,"value":0.04899978,"weightedAverage":0.01381584},"Player.CumulativeReward":{"count":19070,"max":1.1,"min":-3.18995142,"runningAverage":0.151292428,"value":0.3709998,"weightedAverage":0.312566668}},"metadata":{"timer_format_version":"0.1.0","start_time_seconds":"1700270817","unity_version":"2022.3.4f1","command_line_arguments":"C:\\Program Files\\Unity\\Hub\\Editor\\2022.3.4f1-x86_64\\Editor\\Unity.exe -projectpath D:\\BREND\\Documents\\Unity\\Projects\\Alien survivors (v2)\\alien-survivors -useHub -hubIPC -cloudEnvironment production -licensingIpc LicenseClient-brend -hubSessionId 58db2233-65a3-4c9f-a17f-5500a97d404d -accessToken V-8xRRG1e4Q2sYnDeUrH0ZHljnxJjhP1DJ3FbIZb1Ew004f","communication_protocol_version":"1.5.0","com.unity.ml-agents_version":"2.0.1","scene_name":"TrainingReinforcementFinal","end_time_seconds":"1700315291"}}