{"count":1,"self":1073.6877568,"total":6108.6515371999994,"children":{"InitializeActuators":{"count":36,"self":0.0020005,"total":0.0020005,"children":null},"InitializeSensors":{"count":36,"self":0.0029979,"total":0.0029979,"children":null},"AgentSendState":{"count":504117,"self":674.53701119999994,"total":893.3088527,"children":{"CollectObservations":{"count":3629700,"self":13.4407296,"total":13.440729,"children":null},"WriteActionMask":{"count":3629700,"self":0.75930179999999992,"total":0.75930179999999992,"children":null},"RequestDecision":{"count":3629700,"self":4.9636036,"total":204.57183569999998,"children":{"AgentInfo.ToProto":{"count":3629700,"self":3.4507695999999997,"total":199.6082322,"children":{"GenerateSensorData":{"count":3629700,"self":164.0276352,"total":196.1574627,"children":{"RayPerceptionSensor.Perceive":{"count":7259400,"self":32.129824,"total":32.1298228,"children":null}}}}}}}}},"DecideAction":{"count":504117,"self":4062.973952,"total":4062.9741335999997,"children":null},"AgentAct":{"count":504117,"self":77.71808,"total":77.9020673,"children":{"AgentInfo.ToProto":{"count":3048,"self":0.0030003,"total":0.18398609999999999,"children":{"GenerateSensorData":{"count":3048,"self":0.15146969999999998,"total":0.1809858,"children":{"RayPerceptionSensor.Perceive":{"count":6096,"self":0.0295161,"total":0.0295161,"children":null}}}}}}},"AgentInfo.ToProto":{"count":12792,"self":0.0270046,"total":0.7737291,"children":{"GenerateSensorData":{"count":12792,"self":0.6270449,"total":0.7467245,"children":{"RayPerceptionSensor.Perceive":{"count":25584,"self":0.1196796,"total":0.1196796,"children":null}}}}}},"gauges":{"Boss.CumulativeReward":{"count":2640,"max":0.4,"min":-1.19399965,"runningAverage":-0.04700214,"value":0.212999836,"weightedAverage":-0.0323577374},"EnemyRangedWeapon.CumulativeReward":{"count":5280,"max":0.4,"min":-1.55901682,"runningAverage":0.0255998168,"value":0,"weightedAverage":0.00110858178},"EnemyMelee.CumulativeReward":{"count":5280,"max":0.4,"min":-2.19102359,"runningAverage":-0.0151829273,"value":-0.431997985,"weightedAverage":-0.111005582},"Player.CumulativeReward":{"count":2640,"max":1,"min":-1.21699524,"runningAverage":0.162908971,"value":-0.1,"weightedAverage":0.144609749}},"metadata":{"timer_format_version":"0.1.0","start_time_seconds":"1700401461","unity_version":"2022.3.4f1","command_line_arguments":"C:\\Program Files\\Unity\\Hub\\Editor\\2022.3.4f1-x86_64\\Editor\\Unity.exe -projectpath D:\\BREND\\Documents\\Unity\\Projects\\Alien survivors (v2)\\alien-survivors -useHub -hubIPC -cloudEnvironment production -licensingIpc LicenseClient-brend -hubSessionId 3cd1932d-7bff-443e-a102-cb035a098557 -accessToken uPuUEG9eb51L33MpugP00PW0HLisoaRKZ_nFNZ0N_vo004f","communication_protocol_version":"1.5.0","com.unity.ml-agents_version":"2.0.1","scene_name":"TrainingReinforcementFinal","end_time_seconds":"1700407569"}}