{"count":1,"self":691.3735168,"total":1818.9080771,"children":{"InitializeActuators":{"count":8,"self":0.0010008999999999999,"total":0.0010008999999999999,"children":null},"InitializeSensors":{"count":8,"self":0.0030004,"total":0.0030004,"children":null},"AgentSendState":{"count":688367,"self":95.62912639999999,"total":132.78125119999999,"children":{"CollectObservations":{"count":1101400,"self":4.452234,"total":4.4522338999999995,"children":null},"WriteActionMask":{"count":1101400,"self":0.2912996,"total":0.2912996,"children":null},"RequestDecision":{"count":1101400,"self":1.7007104,"total":32.4085939,"children":{"AgentInfo.ToProto":{"count":1101400,"self":1.3030724,"total":30.7078834,"children":{"GenerateSensorData":{"count":1101400,"self":24.652475199999998,"total":29.404811,"children":{"RayPerceptionSensor.Perceive":{"count":2202800,"self":4.7523352,"total":4.7523352999999995,"children":null}}}}}}}}},"DecideAction":{"count":688367,"self":975.70488319999993,"total":975.7049278,"children":null},"AgentAct":{"count":688367,"self":19.014350399999998,"total":19.0233542,"children":{"AgentInfo.ToProto":{"count":256,"self":0,"total":0.0090032999999999988,"children":{"GenerateSensorData":{"count":256,"self":0.008003,"total":0.0090032999999999988,"children":{"RayPerceptionSensor.Perceive":{"count":512,"self":0.0010003,"total":0.0010003,"children":null}}}}}}},"AgentInfo.ToProto":{"count":816,"self":0.0009933,"total":0.0200007,"children":{"GenerateSensorData":{"count":816,"self":0.018007099999999998,"total":0.0190074,"children":{"RayPerceptionSensor.Perceive":{"count":1632,"self":0.0010003,"total":0.0010003,"children":null}}}}}},"gauges":{"SurroundDodge.CumulativeReward":{"count":938,"max":28,"min":-5.00182,"runningAverage":3.252411,"value":0,"weightedAverage":3.73354816},"SurroundDodgePlayer.CumulativeReward":{"count":134,"max":2.99999976,"min":-1.35714281,"runningAverage":1.859941,"value":-1.07142854,"weightedAverage":0.9825827}},"metadata":{"timer_format_version":"0.1.0","start_time_seconds":"1699663357","unity_version":"2022.3.4f1","command_line_arguments":"C:\\Program Files\\Unity\\Hub\\Editor\\2022.3.4f1\\Editor\\Unity.exe -projectpath D:\\BREND\\Documents\\Unity\\Projects\\Alien survivors (v2)\\alien-survivors -useHub -hubIPC -cloudEnvironment production -licensingIpc LicenseClient-brend -hubSessionId b56be660-6d7f-450d-8a12-685521c00f14 -accessToken dm0jnj4vbvIYv5dEI_OnP7puh0ddsQBO05UW1QE0M3o004f","communication_protocol_version":"1.5.0","com.unity.ml-agents_version":"2.0.1","scene_name":"Training2Scene","end_time_seconds":"1699665175"}}