{"count":1,"self":12273.242931199999,"total":45733.132007299995,"children":{"InitializeActuators":{"count":6,"self":0.0019997,"total":0.0019997,"children":null},"InitializeSensors":{"count":6,"self":0.0030031,"total":0.0030031,"children":null},"AgentSendState":{"count":12640618,"self":3335.2630271999997,"total":3955.4930805999998,"children":{"CollectObservations":{"count":15168744,"self":85.3254656,"total":85.32546649999999,"children":null},"WriteActionMask":{"count":15168744,"self":4.77172,"total":4.7717198,"children":null},"RequestDecision":{"count":15168744,"self":211.1688704,"total":530.1328701,"children":{"RayPerceptionSensor.Perceive":{"count":25281240,"self":132.76387839999998,"total":132.7638833,"children":null},"AgentInfo.ToProto":{"count":2528124,"self":11.478965599999999,"total":186.2001158,"children":{"GenerateSensorData":{"count":2528124,"self":149.7322752,"total":174.7211501,"children":{"RayPerceptionSensor.Perceive":{"count":5056248,"self":24.9888752,"total":24.9888759,"children":null}}}}}}}}},"DecideAction":{"count":12640618,"self":29090.004992,"total":29090.004406199998,"children":null},"AgentAct":{"count":12640618,"self":414.081664,"total":414.08167599999996,"children":null},"AgentInfo.ToProto":{"count":4010,"self":0.023216499999999998,"total":0.3035815,"children":{"GenerateSensorData":{"count":4010,"self":0.2339214,"total":0.280365,"children":{"RayPerceptionSensor.Perceive":{"count":8020,"self":0.046443599999999995,"total":0.046443599999999995,"children":null}}}}}},"gauges":{"Boss.CumulativeReward":{"count":4010,"max":4.5,"min":-20.8727074,"runningAverage":-1.25870049,"value":0,"weightedAverage":-2.67361355}},"metadata":{"timer_format_version":"0.1.0","start_time_seconds":"1700801616","unity_version":"2022.3.4f1","command_line_arguments":"C:\\Program Files\\Unity\\Hub\\Editor\\2022.3.4f1\\Editor\\Unity.exe -projectpath E:\\AlienSurvivors\\It5\\alien-survivors -useHub -hubIPC -cloudEnvironment production -licensingIpc LicenseClient-w10 -hubSessionId eff90093-69a3-4cf0-a333-17bdfb203739 -accessToken q5z6WRH0jvmJWklQ-GAs9TbIKSnxO6gEA1G0fsHyCp8004f","communication_protocol_version":"1.5.0","com.unity.ml-agents_version":"2.0.1","scene_name":"TrainingImitationFinal","end_time_seconds":"1700847349"}}