{"count":1,"self":6165.1316736,"total":18324.4886373,"children":{"InitializeActuators":{"count":12,"self":0.0030017999999999998,"total":0.0030017999999999998,"children":null},"InitializeSensors":{"count":12,"self":0.0030001999999999997,"total":0.0030001999999999997,"children":null},"AgentSendState":{"count":5765751,"self":1281.9985408,"total":1755.1248931,"children":{"CollectObservations":{"count":13837848,"self":49.0161696,"total":49.016170599999995,"children":null},"WriteActionMask":{"count":13837848,"self":3.0470588,"total":3.0470588,"children":null},"RequestDecision":{"count":13837848,"self":21.020568,"total":421.0631193,"children":{"AgentInfo.ToProto":{"count":13837848,"self":15.9307568,"total":400.04255059999997,"children":{"GenerateSensorData":{"count":13837848,"self":319.492736,"total":384.1117938,"children":{"RayPerceptionSensor.Perceive":{"count":27675696,"self":64.6190464,"total":64.6190471,"children":null}}}}}}}}},"DecideAction":{"count":5765751,"self":10154.4443904,"total":10154.444464999999,"children":null},"AgentAct":{"count":5765751,"self":248.6721536,"total":248.93719049999999,"children":{"AgentInfo.ToProto":{"count":9372,"self":0.010002299999999999,"total":0.2650249,"children":{"GenerateSensorData":{"count":9372,"self":0.19800009999999998,"total":0.2550226,"children":{"RayPerceptionSensor.Perceive":{"count":18744,"self":0.0570225,"total":0.0570225,"children":null}}}}}}},"AgentInfo.ToProto":{"count":28572,"self":0.0259177,"total":0.8444238,"children":{"GenerateSensorData":{"count":28572,"self":0.6746305,"total":0.8185061,"children":{"RayPerceptionSensor.Perceive":{"count":57144,"self":0.1438756,"total":0.1438756,"children":null}}}}}},"gauges":{"SurroundDodge.CumulativeReward":{"count":34782,"max":2,"min":-2.889973,"runningAverage":0.007869282,"value":0,"weightedAverage":-0.149017528},"SurroundDodgePlayer.CumulativeReward":{"count":3162,"max":0.909091,"min":-1.26,"runningAverage":0.0436326265,"value":0.727272749,"weightedAverage":0.421791255}},"metadata":{"timer_format_version":"0.1.0","start_time_seconds":"1699755481","unity_version":"2022.3.4f1","command_line_arguments":"C:\\Program Files\\Unity\\Hub\\Editor\\2022.3.4f1\\Editor\\Unity.exe -projectpath D:\\BREND\\Documents\\Unity\\Projects\\Alien survivors (v2)\\alien-survivors -useHub -hubIPC -cloudEnvironment production -licensingIpc LicenseClient-brend -hubSessionId b56be660-6d7f-450d-8a12-685521c00f14 -accessToken GUzW5NALyzkSqmf58BlieokLeFuyIcUsC0UPMMxlqrI004f","communication_protocol_version":"1.5.0","com.unity.ml-agents_version":"2.0.1","scene_name":"Training2Scene","end_time_seconds":"1699773805"}}