{"count":1,"self":401.8787072,"total":1307.1190179,"children":{"InitializeActuators":{"count":36,"self":0.0030004999999999997,"total":0.0030004999999999997,"children":null},"InitializeSensors":{"count":36,"self":0.004001,"total":0.004001,"children":null},"AgentSendState":{"count":140534,"self":358.36961279999997,"total":398.13819209999997,"children":{"CollectObservations":{"count":1011852,"self":9.2550352,"total":9.2550352,"children":null},"WriteActionMask":{"count":1011852,"self":0.7304505,"total":0.7304505,"children":null},"RequestDecision":{"count":1011852,"self":10.853357599999999,"total":29.7830828,"children":{"AgentInfo.ToProto":{"count":168642,"self":0.7860756,"total":14.2122282,"children":{"GenerateSensorData":{"count":168642,"self":11.1680192,"total":13.4261526,"children":{"RayPerceptionSensor.Perceive":{"count":337284,"self":2.2581332,"total":2.2581331,"children":null}}}}},"RayPerceptionSensor.Perceive":{"count":674568,"self":4.7174968,"total":4.7174968,"children":null}}}}},"DecideAction":{"count":140534,"self":471.43137279999996,"total":477.5355332,"children":{"RayPerceptionSensor.Perceive":{"count":1011852,"self":6.1041663999999995,"total":6.1041666,"children":null}}},"AgentAct":{"count":140534,"self":29.509603199999997,"total":29.5155997,"children":{"RayPerceptionSensor.Perceive":{"count":224,"self":0.0030003,"total":0.0030003,"children":null},"AgentInfo.ToProto":{"count":56,"self":0,"total":0.0029966999999999997,"children":{"GenerateSensorData":{"count":56,"self":0.0029966999999999997,"total":0.0029966999999999997,"children":{"RayPerceptionSensor.Perceive":{"count":112,"self":0,"total":0,"children":null}}}}}}},"RayPerceptionSensor.Perceive":{"count":1396,"self":0.0109856,"total":0.0109856,"children":null},"AgentInfo.ToProto":{"count":349,"self":0.0050012,"total":0.0330049,"children":{"GenerateSensorData":{"count":349,"self":0.0230024,"total":0.0280037,"children":{"RayPerceptionSensor.Perceive":{"count":698,"self":0.0050013,"total":0.0050013,"children":null}}}}}},"gauges":{"EnemyRangedWeapon.CumulativeReward":{"count":810,"max":2,"min":-0.8289929,"runningAverage":0.4200149,"value":0,"weightedAverage":0.710118055},"EnemyMelee.CumulativeReward":{"count":1215,"max":2,"min":-0.08499999,"runningAverage":0.0685803145,"value":0,"weightedAverage":0.0308831856},"Player.CumulativeReward":{"count":405,"max":5,"min":-0.0579999574,"runningAverage":2.241553,"value":-0.02,"weightedAverage":1.676636}},"metadata":{"timer_format_version":"0.1.0","start_time_seconds":"1700940811","unity_version":"2022.3.4f1","command_line_arguments":"C:\\Program Files\\Unity\\Hub\\Editor\\2022.3.4f1-x86_64\\Editor\\Unity.exe -projectpath D:\\BREND\\Documents\\Unity\\Projects\\Alien survivors (v2)\\alien-survivors -useHub -hubIPC -cloudEnvironment production -licensingIpc LicenseClient-brend -hubSessionId d2e7f9b8-c0c5-4a21-be17-e628fa5d2cdc -accessToken VsmJpWN7F2qzZKNA6ATrQ5UsBYjIFMyB-TxikR2ico4004f","communication_protocol_version":"1.5.0","com.unity.ml-agents_version":"2.0.1","scene_name":"TrainingReinforcementFinalPlayer","end_time_seconds":"1700942118"}}