{
    "name": "root",
    "gauges": {
        "Surround.Policy.Entropy.mean": {
            "value": 1.9535753726959229,
            "min": 1.6925150156021118,
            "max": 2.117361068725586,
            "count": 612
        },
        "Surround.Policy.Entropy.sum": {
            "value": 19604.12890625,
            "min": 10773.0595703125,
            "max": 27798.78515625,
            "count": 612
        },
        "Surround.Environment.EpisodeLength.mean": {
            "value": 400.4,
            "min": 238.125,
            "max": 904.0,
            "count": 612
        },
        "Surround.Environment.EpisodeLength.sum": {
            "value": 10010.0,
            "min": 5600.0,
            "max": 14315.0,
            "count": 612
        },
        "Surround.Step.mean": {
            "value": 8129643.0,
            "min": 2019878.0,
            "max": 8129643.0,
            "count": 612
        },
        "Surround.Step.sum": {
            "value": 8129643.0,
            "min": 2019878.0,
            "max": 8129643.0,
            "count": 612
        },
        "Surround.Policy.ExtrinsicBaselineEstimate.mean": {
            "value": 9.246671676635742,
            "min": 4.675206661224365,
            "max": 14.999238014221191,
            "count": 612
        },
        "Surround.Policy.ExtrinsicBaselineEstimate.sum": {
            "value": 231.1667938232422,
            "min": 79.478515625,
            "max": 509.9740905761719,
            "count": 612
        },
        "Surround.Policy.ExtrinsicValueEstimate.mean": {
            "value": 9.242093086242676,
            "min": 4.350740909576416,
            "max": 14.204852104187012,
            "count": 612
        },
        "Surround.Policy.ExtrinsicValueEstimate.sum": {
            "value": 231.0523223876953,
            "min": 73.96259307861328,
            "max": 498.2966613769531,
            "count": 612
        },
        "Surround.Environment.CumulativeReward.mean": {
            "value": 4.026600003242493,
            "min": 2.0666470106910255,
            "max": 5.014594587925318,
            "count": 612
        },
        "Surround.Environment.CumulativeReward.sum": {
            "value": 100.66500008106232,
            "min": 26.011001229286194,
            "max": 185.53999975323677,
            "count": 612
        },
        "Surround.Policy.ExtrinsicReward.mean": {
            "value": 33.12394416809082,
            "min": 12.925642013549805,
            "max": 45.02300771077474,
            "count": 612
        },
        "Surround.Policy.ExtrinsicReward.sum": {
            "value": 828.0986042022705,
            "min": 129.25642013549805,
            "max": 1624.239019393921,
            "count": 612
        },
        "Surround.Environment.GroupCumulativeReward.mean": {
            "value": 12.431145009994507,
            "min": -0.0798591710627079,
            "max": 20.794526300932233,
            "count": 612
        },
        "Surround.Environment.GroupCumulativeReward.sum": {
            "value": 310.77862524986267,
            "min": -0.798591710627079,
            "max": 790.1919994354248,
            "count": 612
        },
        "Surround.IsTraining.mean": {
            "value": 1.0,
            "min": 1.0,
            "max": 1.0,
            "count": 612
        },
        "Surround.IsTraining.sum": {
            "value": 1.0,
            "min": 1.0,
            "max": 1.0,
            "count": 612
        },
        "Surround.Losses.PolicyLoss.mean": {
            "value": 0.01842969300535818,
            "min": 0.013047301260909687,
            "max": 0.03516854890622199,
            "count": 546
        },
        "Surround.Losses.PolicyLoss.sum": {
            "value": 0.01842969300535818,
            "min": 0.013047301260909687,
            "max": 0.03516854890622199,
            "count": 546
        },
        "Surround.Losses.ValueLoss.mean": {
            "value": 0.6714785536130269,
            "min": 0.19222139860644485,
            "max": 2.140603983402252,
            "count": 546
        },
        "Surround.Losses.ValueLoss.sum": {
            "value": 0.6714785536130269,
            "min": 0.19222139860644485,
            "max": 2.140603983402252,
            "count": 546
        },
        "Surround.Losses.BaselineLoss.mean": {
            "value": 0.829499626159668,
            "min": 0.3077254638527379,
            "max": 6.0308005809783936,
            "count": 546
        },
        "Surround.Losses.BaselineLoss.sum": {
            "value": 0.829499626159668,
            "min": 0.3077254638527379,
            "max": 6.0308005809783936,
            "count": 546
        },
        "Surround.Policy.LearningRate.mean": {
            "value": 0.0003,
            "min": 0.0003,
            "max": 0.0003,
            "count": 546
        },
        "Surround.Policy.LearningRate.sum": {
            "value": 0.0003,
            "min": 0.0003,
            "max": 0.0003,
            "count": 546
        },
        "Surround.Policy.Epsilon.mean": {
            "value": 0.20000000000000007,
            "min": 0.19999999999999996,
            "max": 0.20000000000000007,
            "count": 546
        },
        "Surround.Policy.Epsilon.sum": {
            "value": 0.20000000000000007,
            "min": 0.19999999999999996,
            "max": 0.20000000000000007,
            "count": 546
        },
        "Surround.Policy.Beta.mean": {
            "value": 0.010000000000000002,
            "min": 0.01,
            "max": 0.010000000000000002,
            "count": 546
        },
        "Surround.Policy.Beta.sum": {
            "value": 0.010000000000000002,
            "min": 0.01,
            "max": 0.010000000000000002,
            "count": 546
        }
    },
    "metadata": {
        "timer_format_version": "0.1.0",
        "start_time_seconds": "1697312907",
        "python_version": "3.9.0 (tags/v3.9.0:9cf6752, Oct  5 2020, 15:34:40) [MSC v.1927 64 bit (AMD64)]",
        "command_line_arguments": "D:\\BREND\\Documents\\Unity\\Projects\\Alien survivors (v2)\\alien-survivors\\venv\\Scripts\\mlagents-learn config/Surround.yaml --run-id=surround8 --resume",
        "mlagents_version": "0.30.0",
        "mlagents_envs_version": "0.30.0",
        "communication_protocol_version": "1.5.0",
        "pytorch_version": "2.1.0+cpu",
        "numpy_version": "1.21.2",
        "end_time_seconds": "1697325205"
    },
    "total": 12298.332653399999,
    "count": 1,
    "self": 0.004649699998481083,
    "children": {
        "run_training.setup": {
            "total": 0.09541919999999982,
            "count": 1,
            "self": 0.09541919999999982
        },
        "TrainerController.start_learning": {
            "total": 12298.2325845,
            "count": 1,
            "self": 15.875152199785589,
            "children": {
                "TrainerController._reset_env": {
                    "total": 19.478790099999998,
                    "count": 1,
                    "self": 19.478790099999998
                },
                "TrainerController.advance": {
                    "total": 12262.813703000214,
                    "count": 1227491,
                    "self": 15.795357300523392,
                    "children": {
                        "env_step": {
                            "total": 6343.464652900401,
                            "count": 1227491,
                            "self": 5097.631444900181,
                            "children": {
                                "SubprocessEnvManager._take_step": {
                                    "total": 1234.5446235001564,
                                    "count": 1227491,
                                    "self": 43.53337950006721,
                                    "children": {
                                        "TorchPolicy.evaluate": {
                                            "total": 1191.0112440000892,