{
    "name": "root",
    "gauges": {
        "Surround.Policy.Entropy.mean": {
            "value": 2.1289963722229004,
            "min": 2.1142868995666504,
            "max": 2.197108268737793,
            "count": 20
        },
        "Surround.Policy.Entropy.sum": {
            "value": 21289.96484375,
            "min": 21164.3671875,
            "max": 25175.4609375,
            "count": 20
        },
        "Surround.Environment.EpisodeLength.mean": {
            "value": 999.0,
            "min": 553.25,
            "max": 999.0,
            "count": 20
        },
        "Surround.Environment.EpisodeLength.sum": {
            "value": 9990.0,
            "min": 9990.0,
            "max": 11865.0,
            "count": 20
        },
        "Surround.Step.mean": {
            "value": 199870.0,
            "min": 9640.0,
            "max": 199870.0,
            "count": 20
        },
        "Surround.Step.sum": {
            "value": 199870.0,
            "min": 9640.0,
            "max": 199870.0,
            "count": 20
        },
        "Surround.Policy.ExtrinsicBaselineEstimate.mean": {
            "value": 9.444125175476074,
            "min": -0.028909647837281227,
            "max": 14.74091625213623,
            "count": 20
        },
        "Surround.Policy.ExtrinsicBaselineEstimate.sum": {
            "value": 94.44125366210938,
            "min": -0.3469157814979553,
            "max": 206.37283325195312,
            "count": 20
        },
        "Surround.Policy.ExtrinsicValueEstimate.mean": {
            "value": 9.978532791137695,
            "min": 0.004523513838648796,
            "max": 17.728435516357422,
            "count": 20
        },
        "Surround.Policy.ExtrinsicValueEstimate.sum": {
            "value": 99.78532409667969,
            "min": 0.05890384316444397,
            "max": 248.19808959960938,
            "count": 20
        },
        "Surround.Environment.CumulativeReward.mean": {
            "value": 24.329331588745116,
            "min": -2.7894973754882812e-05,
            "max": 78.75764001332797,
            "count": 20
        },
        "Surround.Environment.CumulativeReward.sum": {
            "value": 243.29331588745117,
            "min": -0.0002789497375488281,
            "max": 1023.8493201732635,
            "count": 20
        },
        "Surround.Policy.ExtrinsicReward.mean": {
            "value": 120.99665908813476,
            "min": -8.312736129760742,
            "max": 397.1152132474459,
            "count": 20
        },
        "Surround.Policy.ExtrinsicReward.sum": {
            "value": 1209.9665908813477,
            "min": -83.12736129760742,
            "max": 5162.497772216797,
            "count": 20
        },
        "Surround.Environment.GroupCumulativeReward.mean": {
            "value": -0.6500000059604645,
            "min": -1.0,
            "max": 1.2833333677715726,
            "count": 20
        },
        "Surround.Environment.GroupCumulativeReward.sum": {
            "value": -6.500000059604645,
            "min": -10.0,
            "max": 23.100000619888306,
            "count": 20
        },
        "Surround.Self-play.ELO.mean": {
            "value": 1200.0329639972863,
            "min": 1200.0054944107997,
            "max": 1200.0329639972863,
            "count": 4
        },
        "Surround.Self-play.ELO.sum": {
            "value": 6000.164819986431,
            "min": 6000.139849265144,
            "max": 18000.26971629572,
            "count": 4
        },
        "Surround.IsTraining.mean": {
            "value": 1.0,
            "min": 1.0,
            "max": 1.0,
            "count": 20
        },
        "Surround.IsTraining.sum": {
            "value": 1.0,
            "min": 1.0,
            "max": 1.0,
            "count": 20
        },
        "Surround.Losses.PolicyLoss.mean": {
            "value": 0.018682169588282706,
            "min": 0.011420857982658263,
            "max": 0.01921741522770996,
            "count": 8
        },
        "Surround.Losses.PolicyLoss.sum": {
            "value": 0.018682169588282706,
            "min": 0.011420857982658263,
            "max": 0.01921741522770996,
            "count": 8
        },
        "Surround.Losses.ValueLoss.mean": {
            "value": 18.935730838775633,
            "min": 7.310763193501367,
            "max": 54.00871200561524,
            "count": 8
        },
        "Surround.Losses.ValueLoss.sum": {
            "value": 18.935730838775633,
            "min": 7.310763193501367,
            "max": 54.00871200561524,
            "count": 8
        },
        "Surround.Losses.BaselineLoss.mean": {
            "value": 49.14789555867513,
            "min": 22.798775302039253,
            "max": 115.64895735846625,
            "count": 8
        },
        "Surround.Losses.BaselineLoss.sum": {
            "value": 49.14789555867513,
            "min": 22.798775302039253,
            "max": 115.64895735846625,
            "count": 8
        },
        "Surround.Policy.LearningRate.mean": {
            "value": 0.0003,
            "min": 0.0003,
            "max": 0.0003,
            "count": 8
        },
        "Surround.Policy.LearningRate.sum": {
            "value": 0.0003,
            "min": 0.0003,
            "max": 0.0003,
            "count": 8
        },
        "Surround.Policy.Epsilon.mean": {
            "value": 0.20000000000000007,
            "min": 0.20000000000000004,
            "max": 0.20000000000000007,
            "count": 8
        },
        "Surround.Policy.Epsilon.sum": {
            "value": 0.20000000000000007,
            "min": 0.20000000000000004,
            "max": 0.20000000000000007,
            "count": 8
        },
        "Surround.Policy.Beta.mean": {
            "value": 0.005000000000000001,
            "min": 0.005000000000000001,
            "max": 0.005000000000000001,
            "count": 8
        },
        "Surround.Policy.Beta.sum": {
            "value": 0.005000000000000001,
            "min": 0.005000000000000001,
            "max": 0.005000000000000001,
            "count": 8
        }
    },
    "metadata": {
        "timer_format_version": "0.1.0",
        "start_time_seconds": "1697252694",
        "python_version": "3.9.0 (tags/v3.9.0:9cf6752, Oct  5 2020, 15:34:40) [MSC v.1927 64 bit (AMD64)]",
        "command_line_arguments": "D:\\BREND\\Documents\\Unity\\Projects\\Alien survivors (v2)\\alien-survivors\\venv\\Scripts\\mlagents-learn config/Surround.yaml --run-id=surround4 --force",
        "mlagents_version": "0.30.0",
        "mlagents_envs_version": "0.30.0",
        "communication_protocol_version": "1.5.0",
        "pytorch_version": "2.1.0+cpu",
        "numpy_version": "1.21.2",
        "end_time_seconds": "1697253602"
    },
    "total": 908.0865991000001,
    "count": 1,
    "self": 0.004658400000039364,
    "children": {
        "run_training.setup": {
            "total": 0.0954625,
            "count": 1,
            "self": 0.0954625
        },
        "TrainerController.start_learning": {
            "total": 907.9864782,
            "count": 1,
            "self": 0.6468959999920116,
            "children": {
                "TrainerController._reset_env": {
                    "total": 23.513808700000027,
                    "count": 2,
                    "self": 23.513808700000027
                },
                "TrainerController.advance": {
                    "total": 883.716868500008,
                    "count": 42507,
                    "self": 0.569978399982574,
                    "children": {
                        "env_step": {
                            "total": 410.7235858000157,
                            "count": 42507,
                            "self": 363.3083138000136,
                            "children": {
                                "SubprocessEnvManager._take_step": {
                                    "total": 47.010020000002456,