{
    "name": "root",
    "gauges": {
        "Surround.Policy.Entropy.mean": {
            "value": 2.1739163398742676,
            "min": 2.1739163398742676,
            "max": 2.174065351486206,
            "count": 2
        },
        "Surround.Policy.Entropy.sum": {
            "value": 21739.1640625,
            "min": 21739.1640625,
            "max": 28382.423828125,
            "count": 2
        },
        "Surround.Environment.EpisodeLength.mean": {
            "value": 999.0,
            "min": 869.3333333333334,
            "max": 999.0,
            "count": 2
        },
        "Surround.Environment.EpisodeLength.sum": {
            "value": 9990.0,
            "min": 9990.0,
            "max": 13040.0,
            "count": 2
        },
        "Surround.Step.mean": {
            "value": 19055.0,
            "min": 9055.0,
            "max": 19055.0,
            "count": 2
        },
        "Surround.Step.sum": {
            "value": 19055.0,
            "min": 9055.0,
            "max": 19055.0,
            "count": 2
        },
        "Surround.Policy.ExtrinsicBaselineEstimate.mean": {
            "value": -1.5375804901123047,
            "min": -1.5375804901123047,
            "max": -1.441347599029541,
            "count": 2
        },
        "Surround.Policy.ExtrinsicBaselineEstimate.sum": {
            "value": -15.375804901123047,
            "min": -15.85482406616211,
            "max": -15.375804901123047,
            "count": 2
        },
        "Surround.Policy.ExtrinsicValueEstimate.mean": {
            "value": 0.20390400290489197,
            "min": 0.20390400290489197,
            "max": 0.23524808883666992,
            "count": 2
        },
        "Surround.Policy.ExtrinsicValueEstimate.sum": {
            "value": 2.0390400886535645,
            "min": 2.0390400886535645,
            "max": 2.587728977203369,
            "count": 2
        },
        "Surround.Environment.CumulativeReward.mean": {
            "value": 22.90044422149658,
            "min": 22.90044422149658,
            "max": 36.15383503653786,
            "count": 2
        },
        "Surround.Environment.CumulativeReward.sum": {
            "value": 229.00444221496582,
            "min": 229.00444221496582,
            "max": 397.6921854019165,
            "count": 2
        },
        "Surround.Policy.ExtrinsicReward.mean": {
            "value": 131.9508834838867,
            "min": 131.9508834838867,
            "max": 191.50539883700284,
            "count": 2
        },
        "Surround.Policy.ExtrinsicReward.sum": {
            "value": 1319.5088348388672,
            "min": 1319.5088348388672,
            "max": 2106.5593872070312,
            "count": 2
        },
        "Surround.Environment.GroupCumulativeReward.mean": {
            "value": -0.800000011920929,
            "min": -0.800000011920929,
            "max": 0.45454547621987085,
            "count": 2
        },
        "Surround.Environment.GroupCumulativeReward.sum": {
            "value": -8.00000011920929,
            "min": -8.00000011920929,
            "max": 5.000000238418579,
            "count": 2
        },
        "Surround.Self-play.ELO.mean": {
            "value": 1200.0029969800403,
            "min": 1200.0029969800403,
            "max": 1200.0029969800403,
            "count": 1
        },
        "Surround.Self-play.ELO.sum": {
            "value": 6000.014984900201,
            "min": 6000.014984900201,
            "max": 6000.014984900201,
            "count": 1
        },
        "Surround.IsTraining.mean": {
            "value": 1.0,
            "min": 1.0,
            "max": 1.0,
            "count": 2
        },
        "Surround.IsTraining.sum": {
            "value": 1.0,
            "min": 1.0,
            "max": 1.0,
            "count": 2
        }
    },
    "metadata": {
        "timer_format_version": "0.1.0",
        "start_time_seconds": "1697252429",
        "python_version": "3.9.0 (tags/v3.9.0:9cf6752, Oct  5 2020, 15:34:40) [MSC v.1927 64 bit (AMD64)]",
        "command_line_arguments": "D:\\BREND\\Documents\\Unity\\Projects\\Alien survivors (v2)\\alien-survivors\\venv\\Scripts\\mlagents-learn config/Surround.yaml --initialize-from=surround2 --run-id=surround3 --force",
        "mlagents_version": "0.30.0",
        "mlagents_envs_version": "0.30.0",
        "communication_protocol_version": "1.5.0",
        "pytorch_version": "2.1.0+cpu",
        "numpy_version": "1.21.2",
        "end_time_seconds": "1697252494"
    },
    "total": 64.5683124,
    "count": 1,
    "self": 0.0061397999999996955,
    "children": {
        "run_training.setup": {
            "total": 0.09719960000000016,
            "count": 1,
            "self": 0.09719960000000016
        },
        "TrainerController.start_learning": {
            "total": 64.464973,
            "count": 1,
            "self": 0.07123150000008138,
            "children": {
                "TrainerController._reset_env": {
                    "total": 16.001624,
                    "count": 1,
                    "self": 16.001624
                },
                "TrainerController.advance": {
                    "total": 48.285886799999915,
                    "count": 4614,
                    "self": 0.06720439999961059,
                    "children": {
                        "env_step": {
                            "total": 39.16712150000043,
                            "count": 4614,
                            "self": 33.917399200000524,
                            "children": {
                                "SubprocessEnvManager._take_step": {
                                    "total": 5.205905899999841,
                                    "count": 4614,
                                    "self": 0.18164569999991897,
                                    "children": {
                                        "TorchPolicy.evaluate": {
                                            "total": 5.024260199999922,
                                            "count": 4611,
                                            "self": 5.024260199999922
                                        }
                                    }
                                },
                                "workers": {
                                    "total": 0.04381640000006115,
                                    "count": 4614,
                                    "self": 0.0,
                                    "children": {
                                        "worker_root": {
                                            "total": 44.8060228999999,
                                            "count": 4614,
                                            "is_parallel": true,
                                            "self": 14.40991969999978,
                                            "children": {
                                                "steps_from_proto": {
                                                    "total": 0.0004331999999998004,
                                                    "count": 1,
                                                    "is_parallel": true,
                                                    "self": 0.00021510000000013463,
                                                    "children": {
                                                        "_process_rank_one_or_two_observation": {
                                                            "total": 0.00021809999999966578,
                                                            "count": 2,
                                                            "is_parallel": true,
                                                            "self": 0.00021809999999966578
                                                        }
                                                    }
                                                },